"UserID","Date","Bets","Stake","Winnings"
1324354,2005-05-04,1,51.03,61.24
1324354,2005-05-05,2,112.4,82.4
1324354,2005-05-08,2,80,0
1324354,2005-05-09,1,50,175
1324354,2005-05-12,1,40,43.2
1324354,2005-05-14,10,339.73,131.5
1324354,2005-05-15,4,50,39.43
1324354,2005-05-18,1,79.8,83.79
1324354,2005-08-12,2,100,125
1324354,2005-08-14,1,145,176.9
1324354,2005-08-17,6,392.62,342.62
1324354,2005-08-20,1,102.63,123.16
1324354,2005-08-21,2,120,69
1324354,2005-08-23,4,60,30
1324354,2005-09-07,1,15,29.25
1324354,2005-09-11,1,36.07,0
1324354,2005-09-21,1,5,0
1324354,2005-09-26,2,60,0
1324354,2006-04-25,2,50,70
1324354,2006-04-27,1,19,0
1324354,2006-04-28,3,24,30.6
1324354,2006-05-07,2,10,0
1324354,2006-05-09,2,35,0
1324354,2006-05-10,1,10,50
1324354,2006-05-11,3,40,43.2
1324354,2006-05-12,1,10,0
1324354,2006-05-13,1,10,0
1324354,2006-06-09,2,15,15
1324354,2006-06-11,2,9,13.61
1324354,2006-06-14,2,30.5,52.5
1324354,2006-06-17,4,29.69,22.55
1324354,2006-06-18,1,10,0
1324354,2006-06-20,1,5,0
1324354,2006-09-05,4,68,59.6
1324354,2006-09-06,1,20,0
1324354,2006-10-11,2,10,0
1324355,2005-02-01,2,2,0
1324355,2005-02-02,7,6.7,11.2
1324355,2005-02-03,5,6,0
1324355,2005-02-04,1,6,0
1324355,2005-02-05,4,3,0
1324355,2005-02-06,1,0.5,0
1324355,2005-02-07,1,0.5,0
1324356,2005-02-02,2,1,0
1324356,2005-02-12,2,1,0
1324356,2005-02-13,3,1.5,2.83
1324356,2005-02-20,4,2,0
1324356,2005-02-21,0,0,2.24
1324356,2005-02-25,1,0.5,0.78
1324356,2005-02-27,1,1,0
1324356,2005-03-02,6,3.5,2.75
1324356,2005-03-11,1,5,12.5
1324356,2005-03-12,28,64.47,44.07
1324356,2005-03-13,2,2,0
1324356,2005-03-27,1,0.55,0.91
1324356,2005-04-01,1,0.5,0
1324356,2005-08-13,1,2,0
1324356,2005-08-14,8,7.18,2.56
1324356,2005-08-15,8,125.38,121.48
1324356,2005-08-30,3,49.77,43.1
1324356,2005-09-01,6,90.75,123.25
1324356,2005-09-02,5,17.8,15.36
1324356,2005-09-03,4,5.66,1.1
1324356,2005-09-04,6,30.87,31.68
1324356,2005-09-09,14,140.8,128.04
1324356,2005-09-10,7,124.84,91.6
1324356,2005-09-11,2,1,0.9
1324356,2005-11-05,1,3,0
1324356,2005-12-11,6,8.75,6.4
1324356,2005-12-12,0,0,6.22
1324356,2006-03-25,2,6,0
1324356,2006-08-25,1,5,11.5
1324356,2006-09-16,3,400,300
1324358,2005-05-03,4,88.5927,55.9819
1324360,2005-02-12,2,1.1547,1.2009
1324360,2005-09-21,1,0.5887,0
1324360,2005-10-30,4,4.3025,1.8519
1324360,2005-11-02,1,0.6182,0
1324362,2006-02-16,1,1,0
1324362,2006-06-09,3,5,3.5
1324362,2006-06-11,3,3,23
1324364,2005-02-03,2,40,0
1324364,2005-02-04,8,48,0
1324364,2005-02-05,9,48,0
1324364,2005-02-14,1,5,0
1324364,2005-02-19,3,13,0
1324364,2005-03-16,1,3,0
1324364,2005-08-21,4,14,12.4
1324364,2005-08-22,1,3,0
1324364,2005-08-25,4,22,27.75
1324364,2005-09-02,1,5,0
1324364,2005-09-06,1,5,0
1324364,2005-09-28,2,4,0
1324364,2005-10-08,1,5,0
1324364,2005-10-30,2,9,0
1324364,2005-11-01,5,26,11
1324364,2006-03-11,1,5,0
1324364,2006-04-22,2,15,22
1324364,2006-05-30,1,5,0
1324364,2006-06-12,3,10,12
1324364,2006-06-13,1,3,0
1324364,2006-06-14,1,3,0
1324364,2006-06-16,1,4,0
1324364,2006-06-17,2,5,10.5
1324364,2006-06-19,2,4,0
1324364,2006-06-20,1,2,0
1324364,2006-06-22,3,6,0
1324364,2006-06-23,4,5,0
1324364,2006-06-25,3,3,0
1324364,2007-02-01,1,20,34
1324368,2005-03-31,8,58.86,49.76
1324368,2005-04-01,3,16.8,26.88
1324368,2005-04-02,9,56.75,90.75
1324368,2005-04-03,4,47,17
1324368,2005-04-05,3,12,0
1324368,2005-04-06,12,71.35,73.59
1324368,2005-04-07,3,30,56
1324368,2005-04-08,16,201,119
1324368,2005-04-09,6,135,165.05
1324368,2005-04-10,16,266,248.5
1324368,2005-04-11,10,81.43,91.67
1324368,2005-04-12,2,17.5,0
1324368,2005-04-13,6,60.35,61.85
1324368,2005-04-15,5,28.7,58.11
1324368,2005-04-17,2,18,28
1324368,2005-04-18,3,28,40
1324368,2005-04-19,4,41.77,0
1324368,2005-04-20,6,101.55,162.74
1324368,2005-04-21,4,33.24,32.38
1324368,2005-04-22,2,26.14,16.34
1324368,2005-04-23,4,101.65,117.59
1324368,2005-04-27,4,106.91,157.62
1324368,2005-04-28,2,44.12,44.93
1324368,2005-04-29,8,185.92,146.14
1324368,2005-04-30,12,486.93,807.55
1324368,2005-05-01,9,317.68,512.95
1324368,2005-05-02,3,188,112.5
1324368,2005-05-03,4,155.15,42
1324368,2005-05-04,2,100,146.4
1324368,2005-05-05,2,150,0
1324368,2005-05-06,10,354.5,354.5
1324368,2005-05-07,8,141.5,47
1324368,2005-05-09,2,6,9
1324368,2005-05-12,1,2,0
1324368,2005-05-13,2,19.94,39.95
1324368,2005-05-14,5,38.72,53.46
1324368,2005-05-15,5,105.64,0
1324368,2005-05-19,1,5,0
1324368,2005-05-23,1,0.72,0.72
1324368,2005-05-24,1,5,9.5
1324368,2005-06-22,5,53.8,79.8
1324368,2005-06-23,11,114.1,155.27
1324368,2005-06-24,4,153.39,111.86
1324368,2005-06-26,3,45,48
1324368,2005-06-28,9,170,206.5
1324368,2005-06-29,15,327,327.5
1324368,2005-06-30,10,237,253.8
1324368,2005-07-01,9,115.45,144.57
1324368,2005-07-02,4,92,164.25
1324368,2005-07-03,9,217.92,146.6
1324368,2005-07-04,1,5,13.13
1324368,2005-07-05,1,3,0
1324368,2005-07-06,2,15,0
1324368,2005-07-15,2,14,24.24
1324368,2005-07-16,11,231.5,185.5
1324368,2005-07-17,4,280.8,140
1324368,2005-08-06,4,34.2,19.04
1324368,2005-08-19,2,20,35.5
1324368,2005-08-20,8,75.3,59.85
1324368,2005-08-21,4,35,20
1324368,2005-12-02,1,10,0
1324368,2005-12-06,2,10,0
1324368,2005-12-21,5,27.5,31.5
1324368,2005-12-22,3,16.6,18.28
1324368,2005-12-24,5,34.99,20
1324368,2006-01-01,1,5,0
1324368,2006-01-02,1,5,0
1324368,2006-02-01,1,7.2,0
1324369,2005-02-01,4,6.351,2.3672
1324369,2005-02-02,2,1.1547,2.0496
1324369,2005-02-03,7,4.9365,2.3671
1324369,2005-02-04,3,4.0416,15.5889
1324369,2005-02-05,3,1.7321,3.6663
1324369,2005-02-06,10,16.1086,6.6687
1324369,2005-02-09,9,18.0946,20.3925
1324369,2005-02-10,5,19.9884,3.8221
1324369,2005-02-11,3,2.8868,0
1324369,2005-02-12,1,2.3095,3.8107
1324369,2005-02-15,3,2.0785,1.7552
1324369,2005-02-16,1,0.5774,0
1324369,2005-02-18,6,10.3926,6.6108
1324369,2005-02-20,9,5.1963,5.1674
1324369,2005-02-21,3,1.7321,3.0023
1324369,2005-02-23,2,4.873,0
1324369,2005-02-24,3,2.3095,2.8869
1324369,2005-02-25,2,2.3095,4.1571
1324369,2005-02-26,1,0.6928,0
1324369,2005-02-27,2,1.5878,0
1324369,2005-02-28,6,6.784,7.7944
1324369,2005-03-01,1,1.0324,0
1324369,2005-03-02,1,1.3746,2.4743
1324369,2005-03-03,1,1.2979,1.9469
1324369,2005-03-21,2,2.5723,2.2183
1324369,2005-03-23,4,6.4897,4.9263
1324369,2005-03-25,5,2.9499,5.2213
1324369,2005-03-26,3,1.7699,0
1324369,2005-03-27,0,0,1.4749
1324369,2005-03-28,1,1.0029,0
1324369,2005-03-29,2,3.1268,2.3009
1324369,2005-03-30,0,0,1.8319
1324369,2005-03-31,1,0.59,0
1324369,2005-04-02,1,0.5724,0.8014
1324369,2005-05-02,1,1.7647,0
1324369,2005-05-03,3,5.7255,2.8059
1324369,2005-05-04,1,0.958,1.1975
1324369,2005-12-15,1,6.2555,7.5066
1324369,2005-12-17,3,3.722,2.0018
1324369,2005-12-18,13,23.3954,6.1304
1324369,2005-12-20,2,7.2563,0
1324369,2005-12-21,4,4.3782,0
1324369,2005-12-22,0,0,3.2528
1324369,2005-12-24,1,1.1385,2.4478
1324369,2005-12-26,4,7.6338,2.4373
1324369,2005-12-27,0,0,3.8996
1324369,2005-12-30,3,18.7664,16.2642
1324369,2006-01-01,1,1.2516,0
1324369,2006-01-03,1,4.4681,9.6058
1324369,2006-01-04,4,8.2637,0
1324369,2006-01-08,2,3.1289,2.9412
1324369,2006-01-09,4,10.8886,8.8798
1324369,2006-01-11,4,10.5946,19.6183
1324369,2006-01-15,1,6.2578,9.3867
1324369,2006-01-17,3,81.3517,62.5782
1324369,2006-01-20,2,53.811,80.9699
1324369,2006-01-21,7,18.7783,15.9386
1324369,2006-02-20,1,12.4766,29.32
1324369,2006-02-23,1,3.1192,0
1324369,2006-02-26,4,17.093,0
1324369,2006-03-05,4,4.4563,15.8517
1324369,2006-04-06,11,134.3921,104.6229
1324369,2006-04-09,14,216.0358,168.021
1324369,2006-04-10,3,92.3361,108.1871
1324369,2006-04-12,1,1.2311,0
1324369,2006-04-13,2,4.0012,2.7701
1324369,2006-06-11,3,10.0427,13.9342
1324369,2006-06-16,3,12.0512,10.8963
1324369,2006-06-21,1,0.8285,0
1324369,2006-07-04,2,7.4386,20.5554
1324369,2006-07-05,1,9.9182,17.8527
1324369,2007-01-01,1,2.6824,0
1324369,2007-01-02,1,1.4324,6.4485
1324369,2007-01-06,5,11.5987,5.1449
1324372,2005-03-04,18,15.2206,12.6254
1324372,2005-03-05,28,20.5092,24.8173
1324372,2005-03-06,15,9.9063,6.9112
1324372,2005-03-08,12,13.1569,10.7061
1324372,2005-03-09,5,3.6116,5.1956
1324372,2005-03-10,5,4.6436,5.1983
1324372,2005-03-11,3,2.3218,1.3931
1324372,2005-03-12,11,8.2551,11.0155
1324372,2005-03-13,15,11.3508,10.332
1324372,2005-03-14,7,13.6727,6.8622
1324372,2005-03-15,7,6.7074,3.947
1324372,2005-03-17,2,1.032,1.1867
1324372,2005-03-19,28,28.8574,28.8755
1324372,2005-03-20,9,7.8554,8.3611
1324372,2005-03-21,1,0.5908,0
1324372,2005-03-23,4,2.6262,2.1954
1324372,2005-03-24,1,0.6604,0
1324372,2005-03-25,7,6.2817,5.0615
1324372,2005-03-26,4,3.8619,3.9213
1324372,2005-08-18,2,1.4786,0.8502
1324372,2005-08-19,1,1.725,2.3287
1324372,2005-08-20,4,4.9284,2.8461
1324372,2005-08-21,3,3.6964,6.0375
1324372,2005-08-27,1,2.9571,0
1324372,2005-08-28,2,1.4786,0
1324372,2005-09-06,1,12.5562,13.5607
1324372,2005-09-11,1,12.5562,0
1324372,2005-11-02,1,1.0078,1.2598
1324372,2005-11-03,1,0.5039,0
1324372,2006-03-19,1,0.5298,0.8742
1324372,2006-04-04,1,0.5109,0
1324372,2006-04-07,1,2.5547,3.0656
1324372,2006-04-09,2,1.0218,1.5225
1324372,2006-04-15,1,0.5109,0.7919
1324372,2006-04-16,1,0.7664,1.073
1324372,2006-04-18,2,2.5548,3.1934
1324372,2006-04-21,1,1.2774,1.5329
1324372,2006-04-25,1,1.2774,1.6606
1324372,2006-04-28,1,1.7883,0
1324372,2006-05-07,1,0.7782,0
1324372,2006-05-17,1,25.941,28.5351
1324372,2006-06-18,1,2.5392,0
1324372,2006-08-20,1,0.6208,1.117
1324372,2006-11-05,3,18.1192,13.8223
1324372,2006-11-06,2,10.3538,6.2123
1324372,2006-11-07,1,0.9809,0.9914
1324372,2006-11-12,3,1.5531,0
1324372,2007-02-04,1,134.6223,0
1324377,2005-02-03,4,6.7201,0
1324377,2006-06-04,1,1.3408,0
1324377,2006-09-10,7,12.0645,2.815
1324377,2006-09-12,2,2.8151,0
1324377,2006-12-10,2,4.0245,5.2319
1324377,2006-12-15,6,13.683,2.683
1324377,2006-12-16,1,9.6589,9.6589
1324377,2007-01-11,3,22.8004,30.1502
1324377,2007-01-14,11,50.5633,63.9914
1324377,2007-01-15,5,9.9249,13.2511
1324377,2007-01-16,2,3.353,0
1324378,2005-02-02,3,6,0
1324378,2005-02-20,1,5,0
1324378,2006-06-10,2,11,0
1324378,2006-06-23,1,0.5,1.13
1324378,2006-06-27,1,5,0
1324379,2005-04-03,1,1,0
1324379,2005-04-14,1,10,20
1324379,2005-05-14,1,20,24
1324379,2005-06-10,1,1,0
1324379,2005-06-11,2,4,0
1324379,2005-06-12,7,18,29.45
1324379,2005-06-15,4,11,4.5
1324379,2005-06-17,7,33,8.75
1324379,2005-06-18,4,7,5.7
1324379,2005-06-19,1,3,0
1324379,2005-06-20,15,29.2,33.24
1324379,2005-06-21,4,9,12.95
1324379,2005-06-22,10,28,42.6
1324379,2005-06-23,2,6,7.21
1324379,2005-06-24,3,11,16.43
1324379,2005-06-25,13,59,99.03
1324379,2005-06-26,12,45,69.98
1324379,2005-06-29,10,43,52.85
1324379,2005-06-30,10,47,38.6
1324379,2005-07-01,12,62,0
1324379,2005-07-02,18,83,66.9
1324379,2005-07-03,10,46,36.5
1324379,2005-07-05,5,15,9
1324379,2005-07-07,18,124,49
1324379,2005-07-08,2,3.6,3.06
1324379,2005-07-10,1,0.0729,0
1324379,2005-07-12,1,10,0
1324379,2005-07-13,4,11,20.26
1324379,2005-07-14,8,27,15.75
1324379,2005-07-15,3,7,0
1324379,2005-07-16,18,64,90.5
1324379,2005-07-17,1,4,9
1324379,2005-07-18,33,134,182.29
1324379,2005-07-19,22,82,73.5
1324379,2005-07-21,13,70,48.9
1324379,2005-07-22,11,56,52.5
1324379,2005-07-23,34,156,200.01
1324379,2005-07-24,17,75,49
1324379,2005-07-25,2,6,14.55
1324379,2005-07-26,13,58,127.57
1324379,2005-07-27,10,41,41
1324379,2005-07-28,19,95,109.45
1324379,2005-07-29,6,29,44.2
1324379,2005-07-30,12,88,41.5
1324379,2005-07-31,8,40,6
1324379,2005-08-02,2,13,21.75
1324379,2005-08-03,5,21.4,7.65
1324379,2005-08-04,1,3,0
1324379,2005-08-05,4,14,22.65
1324379,2005-08-06,8,18,11.55
1324379,2005-08-07,4,21.84,0
1324379,2005-08-10,4,21,46.5
1324379,2005-08-11,9,26,21.91
1324379,2005-08-18,8,39,86.6
1324379,2005-08-19,14,54,23.4
1324379,2005-08-21,3,16,0
1324379,2005-08-24,5,18.3,14.16
1324379,2005-08-26,6,28,30.25
1324379,2005-08-27,12,56,92.37
1324379,2005-08-28,6,30,51.71
1324379,2005-08-29,15,79,36.95
1324379,2005-08-30,9,45,57.56
1324379,2005-08-31,13,59,75.45
1324379,2005-09-01,18,74,86.45
1324379,2005-09-02,25,120,154.35
1324379,2005-09-03,20,68.91,22.09
1324379,2005-09-04,27,152,165.65
1324379,2005-09-05,20,71,92.1
1324379,2005-09-06,14,50,43.05
1324379,2005-09-07,11,44,47.1
1324379,2005-09-09,24,109,110.1
1324379,2005-09-10,8,42,41.78
1324379,2005-09-11,16,74,72.95
1324379,2005-09-13,1,5,0
1324379,2005-09-14,6,29,49.86
1324379,2005-09-15,8,49,0
1324379,2005-09-16,6,65,31.5
1324379,2005-09-17,14,57,34.48
1324379,2005-09-18,8,46.39,0
1324379,2005-09-20,8,26,31.38
1324379,2005-09-21,7,27,4.5
1324379,2005-09-22,27,138,155.15
1324379,2005-09-23,31,136,160.6
1324379,2005-09-24,12,72,67.85
1324379,2005-09-26,7,31,21
1324379,2005-09-27,3,18,44
1324379,2005-09-29,7,38,0
1324379,2005-09-30,3,13,0
1324379,2005-10-01,2,12,0
1324379,2005-10-02,1,0.07,0
1324379,2005-10-07,4,12,18
1324379,2005-10-08,15,55,42.5
1324379,2005-10-09,1,2,0
1324379,2005-10-10,2,6,10.8
1324379,2005-10-11,1,3,0
1324379,2005-10-12,21,67.8,54.7
1324379,2005-10-13,21,82,57.2
1324379,2005-10-14,3,11,0
1324379,2005-10-15,24,90,110.61
1324379,2005-10-16,3,9,0
1324379,2005-10-17,14,64,62.15
1324379,2005-10-18,6,30,12.45
1324379,2005-10-19,13,54.96,59.3
1324379,2005-10-20,4,10.05,0
1324379,2005-10-21,9,26.5,11.25
1324379,2005-10-22,12,24.79,26.41
1324379,2005-10-23,2,5.09,0
1324379,2005-10-25,23,93,93.7
1324379,2005-10-26,7,21,5.85
1324379,2005-10-27,6,16,0
1324379,2005-10-28,3,9,0
1324379,2005-10-29,3,7,0
1324379,2005-11-02,15,51,79.85
1324379,2005-11-03,9,25,26.15
1324379,2005-11-04,2,13,0
1324379,2005-11-05,1,2,0
1324379,2005-11-09,22,197.7,182.3
1324379,2005-11-10,14,104,147.6
1324379,2005-11-12,6,70,126.9
1324379,2005-11-13,2,8,0
1324379,2005-11-14,37,440,219.1
1324379,2005-11-15,10,39,29.05
1324379,2005-11-16,12,43,54.4
1324379,2005-11-17,7,21,41.4
1324379,2005-11-18,5,16,14.7
1324379,2005-11-19,9,47,114.58
1324379,2005-11-20,5,23,0
1324379,2005-11-21,11,37,34.4
1324379,2005-11-22,1,5,23.06
1324379,2005-11-24,10,32,55.47
1324379,2005-11-25,8,31,59.25
1324379,2005-11-26,6,59,6.45
1324379,2005-11-27,4,12,0
1324379,2005-11-28,9,39,42.55
1324379,2005-11-29,4,26,54
1324379,2005-11-30,18,106,70.55
1324379,2005-12-01,9,62,92.6
1324379,2005-12-02,3,15,9
1324379,2005-12-03,6,39,7.2
1324379,2005-12-04,4,12,18.6
1324379,2005-12-05,7,35,27.2
1324379,2005-12-06,2,6,6.9
1324379,2005-12-07,1,10,0
1324379,2005-12-08,6,60,31
1324379,2005-12-09,5,14,7.2
1324379,2005-12-10,2,5.7,15.23
1324379,2005-12-11,1,2.9,0
1324379,2005-12-13,11,58,83.75
1324379,2005-12-14,12,68.5,68.24
1324379,2005-12-15,20,91,36
1324379,2005-12-17,4,27.3,42.48
1324379,2005-12-18,20,168.8,122.29
1324379,2005-12-19,13,102.64,56.75
1324379,2005-12-21,18,92,24.6
1324379,2005-12-22,6,37.3,15
1324379,2005-12-25,4,26,7.2
1324379,2005-12-26,2,14,0
1324379,2005-12-28,1,0.28,0
1324379,2005-12-30,2,20,18
1324379,2005-12-31,4,30.43,33.12
1324379,2006-01-02,7,42,37.35
1324379,2006-01-03,6,14.3988,20.18
1324379,2006-01-04,9,36,47.25
1324379,2006-01-05,16,81.14,118.88
1324379,2006-01-06,16,65,70.15
1324379,2006-01-07,11,98,52
1324379,2006-01-08,14,121,91.85
1324379,2006-01-10,1,10,16.5
1324379,2006-01-11,4,17.5,0
1324379,2006-01-13,3,23,22.5
1324379,2006-01-14,4,50,18
1324379,2006-01-16,1,3,0
1324379,2006-01-18,4,40,32
1324379,2006-01-19,1,7,0
1324379,2006-01-20,2,13,0
1324379,2006-01-21,2,6,5.1
1324379,2006-01-24,4,28.5,27.85
1324379,2006-01-25,11,53.2,65.2
1324379,2006-01-26,7,37.25,22.88
1324379,2006-01-28,10,72,85.23
1324379,2006-01-29,3,16,0
1324379,2006-01-30,6,18.55,12.08
1324379,2006-02-06,2,23,50
1324379,2006-02-07,2,13,0
1324379,2006-02-11,18,112.85,203.5
1324379,2006-02-12,4,26,17.5
1324379,2006-02-13,6,48,18.5
1324379,2006-02-14,9,86,122
1324379,2006-02-15,8,80.11,35.05
1324379,2006-02-16,7,68,64.5
1324379,2006-02-17,12,195.35,165.56
1324379,2006-02-18,12,102.36,78.63
1324379,2006-02-19,5,43,59
1324379,2006-02-21,8,91.5,90
1324379,2006-02-22,3,30,0
1324379,2006-02-26,9,8.25,8.92
1324379,2006-02-27,4,16.7,5.7
1324379,2006-02-28,6,12.91,3.91
1324379,2006-03-01,1,20,0
1324379,2006-03-02,1,10,0
1324379,2006-03-03,12,23.72,102.92
1324379,2006-03-04,14,32.68,34.68
1324379,2006-03-05,5,17.3,26.66
1324379,2006-03-06,9,67,0
1324379,2006-03-07,3,35,68
1324379,2006-03-08,11,41,54.5
1324379,2006-03-09,1,10,17.5
1324379,2006-03-10,3,4,9.85
1324379,2006-03-11,4,30,13.5
1324379,2006-03-17,2,5,0
1324379,2006-03-18,5,27.53,36
1324379,2006-03-19,3,21,60
1324379,2006-03-20,2,13,59
1324379,2006-03-21,1,10,0
1324379,2006-03-22,5,43,18
1324379,2006-03-23,2,20,18
1324379,2006-03-25,5,33,50
1324379,2006-03-26,9,71,170.5
1324379,2006-03-27,3,30,0
1324379,2006-03-29,1,10,18
1324379,2006-04-04,2,20,0
1324379,2006-04-05,4,28,0
1324379,2006-04-06,3,12.49,16.42
1324379,2006-04-09,11,70,80
1324379,2006-04-10,2,13,0
1324379,2006-04-11,1,10,0
1324379,2006-04-12,4,33,56
1324379,2006-04-13,2,20,0
1324379,2006-04-15,4,33,35
1324379,2006-04-16,4,29.1,0
1324379,2006-04-18,4,38,45
1324379,2006-04-19,20,141,204.95
1324379,2006-04-20,23,183,193.5
1324379,2006-04-21,10,86,89
1324379,2006-04-22,12,78,99.6
1324379,2006-04-23,3,40,34.5
1324379,2006-04-24,13,130,74
1324379,2006-04-25,11,107.27,98
1324379,2006-04-26,13,155,106
1324379,2006-04-27,5,108,76.5
1324379,2006-04-28,1,10,0
1324379,2006-04-29,1,10,0
1324379,2006-05-01,2,20,0
1324379,2006-05-02,1,7,14
1324379,2006-05-03,9,85,63.5
1324379,2006-05-04,1,10,0
1324379,2006-05-06,6,59,40
1324379,2006-05-08,7,80,139.75
1324379,2006-05-09,12,115,62.2
1324379,2006-05-10,15,139,167.3
1324379,2006-05-11,16,190,121.5
1324379,2006-05-12,6,70,108
1324379,2006-05-13,9,123,15
1324379,2006-05-15,4,40,20
1324379,2006-05-16,5,43,32
1324379,2006-05-17,10,88,97.6
1324379,2006-05-18,26,213,142.25
1324379,2006-05-19,4,30,9.6
1324379,2006-05-29,4,33,0
1324379,2006-05-30,9,34,28.89
1324379,2006-05-31,24,105.24,86.35
1324379,2006-06-01,12,52.6,43.9
1324379,2006-06-02,51,224.1,199.15
1324379,2006-06-03,9,41.8,21.8
1324379,2006-06-10,1,10,0
1324379,2006-11-08,1,5,0
1324379,2006-11-09,2,10,17.5
1324379,2007-01-31,1,3,0
1324382,2007-01-06,1,1,1.2
1324385,2006-05-21,2,100,120
1324385,2006-06-18,1,20,0
1324385,2007-01-21,2,15,15.5
1324386,2005-04-21,1,0.7342,0
1324386,2005-04-27,2,12.8808,0
1324386,2005-05-11,1,19.478,0
1324386,2005-05-18,2,6.4927,0
1324386,2005-05-19,5,3.3437,2.9541
1324386,2005-05-20,1,2.5971,0
1324386,2005-05-21,2,2.5971,1.9478
1324386,2005-05-22,4,1.8634,1.7141
1324386,2005-05-23,5,2.8568,1.5972
1324386,2005-05-24,2,1.714,2.0711
1324386,2005-05-30,1,6.4927,0
1324386,2005-05-31,10,89.7287,67.3615
1324386,2005-06-01,8,88.5042,63.4878
1324386,2005-06-03,3,6.7472,7.0934
1324386,2005-06-05,3,2.4886,3.7296
1324386,2005-06-06,1,0.6532,0
1324386,2005-06-07,3,12.2796,3.1352
1324386,2005-06-24,1,2.1228,0
1324386,2005-06-25,1,2.8674,2.8674
1324386,2005-06-27,6,30.4115,33.6251
1324386,2005-06-28,3,30.6989,0
1324386,2005-06-30,4,100.0653,132.7237
1324386,2005-07-01,4,120.7037,155.3064
1324386,2005-07-02,15,641.6458,638.9394
1324386,2005-07-03,17,786.9714,676.4546
1324386,2005-07-04,12,209.5497,225.9811
1324386,2005-07-05,5,77.6468,75.0049
1324386,2005-07-06,4,93.7496,112.3977
1324386,2005-07-07,7,64.0943,20.723
1324386,2005-07-13,1,12.2431,42.8507
1324386,2005-07-14,5,171.4091,87.0288
1324386,2005-07-22,1,12.8874,18.0424
1324386,2005-07-23,7,49.6166,25.1305
1324386,2005-08-03,8,118.0168,117.1189
1324386,2005-08-04,14,430.0494,452.4854
1324386,2005-08-05,8,238.317,413.8605
1324386,2005-08-06,5,266.1536,434.3211
1324386,2005-08-07,5,208.3574,317.106
1324386,2005-08-08,3,177.6666,249.2399
1324386,2005-08-09,2,352.7676,347.9572
1324386,2005-08-10,7,360.4644,193.0601
1324386,2005-08-11,5,150.4073,218.2669
1324386,2005-08-12,5,89.7313,163.2159
1324386,2005-08-13,3,426.5281,70.8742
1324386,2005-08-14,4,82.4194,142.3899
1324386,2005-08-15,2,128.2792,96.2094
1324386,2005-08-16,11,730.0339,764.4795
1324386,2005-08-17,25,623.8535,501.4111
1324386,2005-08-18,4,194.8752,126.1497
1324386,2005-08-19,1,64.1396,0
1324386,2005-09-24,4,2.7549,2.7808
1324386,2005-09-29,2,14.8743,10.3473
1324386,2005-10-05,24,267.336,306.3075
1324386,2005-10-06,6,66.2933,45.0537
1324386,2005-10-07,10,125.4939,104.029
1324386,2005-10-08,10,69.9427,47.5317
1324386,2005-10-15,3,1.9308,0.6758
1324386,2005-10-20,4,12.6858,8.1805
1324386,2005-10-23,2,33.108,38.1219
1324386,2005-10-24,4,34.421,48.8898
1324386,2005-10-25,2,38.6174,50.5244
1324386,2005-10-26,2,82.7058,0
1324386,2005-11-02,3,4.5324,5.7903
1324386,2005-11-03,1,3.0476,0
1324386,2005-11-04,3,82.4148,59.0585
1324386,2005-11-05,1,6.4842,0
1324386,2005-11-06,6,11.295,14.9657
1324386,2005-11-09,2,6.6242,0
1324386,2005-11-10,1,0.843,0
1324386,2005-11-11,0,0,1.2644
1324386,2005-11-15,1,0.6484,0.6808
1324386,2005-11-16,1,0.9078,0
1324386,2005-11-17,8,104.2017,101.0634
1324386,2005-11-18,14,203.119,253.7545
1324386,2005-11-19,7,224.1893,99.6952
1324386,2005-11-28,13,135.9023,130.8261
1324386,2005-11-29,16,423.8749,370.2697
1324386,2005-12-02,8,66.0956,75.2376
1324386,2005-12-03,33,230.1999,218.0191
1324386,2005-12-04,17,49.8934,52.195
1324386,2005-12-05,1,1.9719,11.67
1324386,2005-12-06,6,28.6092,18.7496
1324386,2005-12-07,4,30.5489,0
1324386,2005-12-13,6,29.5145,28.0339
1324386,2005-12-14,8,58.835,45.9042
1324386,2005-12-15,9,92.0864,138.0552
1324386,2005-12-16,6,74.1126,47.2813
1324386,2005-12-17,5,101.2218,163.8066
1324386,2005-12-18,12,373.5566,361.9577
1324386,2005-12-19,12,386.3386,470.4918
1324386,2005-12-20,8,369.5093,528.4412
1324386,2005-12-21,19,1393.7416,1545.3677
1324386,2005-12-22,3,289.7136,530.2063
1324386,2005-12-23,4,243.4021,322.034
1324386,2005-12-24,4,121.5362,126.5986
1324386,2005-12-25,4,187.496,58.1884
1324386,2005-12-26,6,510.377,773.2593
1324386,2005-12-27,7,730.6394,640.9323
1324386,2005-12-28,1,64.6538,0
1324386,2005-12-29,1,1.6875,0
1324386,2005-12-30,1,0.6271,3.6271
1324386,2006-01-09,2,10.7106,11.1032
1324386,2006-01-10,2,23.983,12.8797
1324386,2006-01-30,2,66.0369,40.139
1324386,2006-01-31,3,115.8599,149.3305
1324386,2006-02-01,13,542.277,567.8145
1324386,2006-02-02,2,95.6879,149.6267
1324386,2006-02-06,1,51.4867,64.3584
1324386,2006-02-07,2,88.1001,0
1324386,2006-02-08,3,173.7675,179.8816
1324386,2006-02-09,19,416.1233,289.9472
1324386,2006-02-10,2,3.7263,2.0337
1324386,2006-02-14,9,94.8964,48.5906
1324386,2006-02-15,1,1.6347,1.6347
1324386,2006-02-20,2,90.1017,90.1017
1324386,2006-02-21,7,27.3008,23.6195
1324386,2006-03-01,7,64.6855,58.281
1324386,2006-03-02,20,175.6117,162.8475
1324386,2006-03-15,12,91.7638,132.458
1324386,2006-03-16,5,152.4274,72.5311
1324386,2006-03-17,4,5.7422,5.668
1324386,2006-03-18,7,6.9554,6.3853
1324386,2006-03-22,2,7.2051,4.0029
1324386,2006-03-23,11,10.5162,7.3139
1324386,2006-03-30,1,64.0451,0
1324386,2006-03-31,6,541.3411,586.1726
1324386,2006-04-01,4,170.8644,0
1324386,2006-05-10,9,128.0246,178.8504
1324386,2006-05-11,3,65.9326,112.7256
1324386,2006-05-12,7,97.7374,145.2823
1324386,2006-05-13,6,116.5024,39.6876
1324386,2006-05-19,4,12.9625,6.5613
1324386,2006-05-20,9,42.0881,34.5986
1324386,2006-05-30,3,44.815,0
1324386,2006-05-31,9,78.8632,127.2181
1324386,2006-06-02,4,19.8106,22.4661
1324386,2006-06-03,10,78.7241,74.7888
1324386,2006-06-04,4,32.503,16.9248
1324386,2006-06-09,4,20.604,7.8065
1324386,2006-06-14,4,26.107,36.8826
1324386,2006-06-15,4,36.7989,7.6913
1324386,2006-06-16,3,1.7981,1.1454
1324386,2006-06-30,1,37.4328,0
1324386,2006-07-01,5,242.4461,195.6616
1324386,2006-07-02,5,100.5934,102.0799
1324386,2006-07-03,2,95.6999,95.6999
1324386,2006-08-03,1,3.5946,0
1324386,2006-08-04,10,62.2852,66.0262
1324386,2006-08-05,5,34.5018,21.7776
1324386,2006-08-06,36,689.5957,823.0946
1324386,2006-08-07,12,888.1728,942.6645
1324386,2006-08-08,7,221.0523,246.5008
1324386,2006-08-11,4,271.9176,270.3906
1324386,2006-08-12,6,412.4952,304.0844
1324386,2006-08-13,9,315.9626,339.5025
1324386,2006-08-16,5,60.4403,32.4469
1324386,2006-08-17,2,1.5587,0.8907
1324386,2006-08-18,3,2.793,2.4749
1324386,2006-09-06,2,31.6636,20.2647
1324386,2006-09-07,11,66.1643,26.2238
1324386,2006-09-08,1,2.5584,3.0714
1324386,2006-09-09,9,8.447,9.3788
1324386,2006-09-10,5,3.6414,3.3881
1324386,2006-09-11,13,21.7593,23.8175
1324386,2006-09-14,1,18.9982,20.898
1324386,2006-09-15,5,8.5492,1.3932
1324386,2006-09-16,3,2.4571,1.0639
1324386,2006-09-19,8,11.5762,13.5267
1324386,2006-09-20,16,92.5463,70.3312
1324386,2006-09-28,7,86.4796,113.2417
1324386,2006-09-29,11,96.2044,78.5827
1324386,2006-09-30,8,199.8479,179.7099
1324386,2006-10-01,2,3.7876,0
1324386,2006-10-03,3,55.552,0
1324386,2006-10-05,5,21.9684,13.1306
1324386,2006-10-06,24,171.1382,191.6482
1324386,2006-10-07,18,207.6573,248.9426
1324386,2006-10-08,14,158.2475,96.206
1324386,2006-10-11,4,41.0328,49.1762
1324386,2006-10-12,11,76.0179,61.1073
1324386,2006-10-13,20,32.0794,26.6208
1324386,2006-10-23,8,24.1778,16.2427
1324386,2006-10-24,12,10.05,6.8936
1324386,2006-10-27,34,175.9861,186.9388
1324386,2006-10-28,2,18.168,26.8922
1324386,2006-10-29,23,144.1891,104.3873
1324386,2006-10-30,22,117.9534,129.8214
1324386,2006-10-31,15,75.2036,73.6444
1324386,2006-11-01,24,26.0328,22.6953
1324386,2006-11-03,12,44.3954,28.6524
1324386,2006-11-04,15,50.3526,70.7558
1324386,2006-11-05,7,31.5113,2.5504
1324386,2006-11-09,9,66.4861,57.0403
1324386,2006-11-10,18,250.6361,255.4157
1324386,2006-11-11,9,38.4104,14.1688
1324386,2006-11-14,29,188.01,241.6434
1324386,2006-11-15,1,31.4861,0
1324386,2006-11-16,8,105.8501,46.1523
1324386,2006-11-21,7,71.1587,59.1939
1324386,2006-11-22,14,200.1009,181.3036
1324386,2006-11-23,36,930.592,976.0958
1324386,2006-11-24,41,1081.1269,981.8702
1324386,2006-11-25,38,1226.2028,1259.1813
1324386,2006-11-26,31,784.6285,609.7231
1324386,2006-11-27,11,52.9596,63.3502
1324386,2006-11-28,21,141.4735,140.0251
1324386,2006-11-29,14,79.8174,31.9584
1324386,2006-11-30,7,205.0063,155.7306
1324386,2006-12-01,18,170.9267,221.2921
1324386,2006-12-02,25,478.8904,414.2909
1324386,2006-12-03,8,23.5331,3.2422
1324386,2006-12-04,5,55.0718,35.5074
1324386,2006-12-05,29,183.071,89.8892
1324386,2006-12-06,15,262.3521,188.9071
1324386,2006-12-07,12,179.9861,129.451
1324386,2006-12-08,7,39.7002,23.9612
1324386,2006-12-22,6,7.026,3.2486
1324386,2006-12-29,4,24.3641,11.7729
1324386,2006-12-30,12,83.0395,80.8989
1324386,2007-01-04,10,32.9267,32.1613
1324386,2007-01-06,1,3.5534,0
1324386,2007-01-07,3,46.6737,47.6072
1324386,2007-01-08,2,47.6072,124.4632
1324386,2007-01-09,4,326.716,0
1324386,2007-01-11,2,45.3793,34.1091
1324386,2007-01-12,8,279.42,230.5682
1324386,2007-01-13,7,202.956,566.3887
1324386,2007-01-14,10,958.6782,1159.9665
1324386,2007-01-15,13,1587.7031,872.3194
1324386,2007-01-16,10,657.5083,671.9212
1324386,2007-01-17,11,483.2037,664.6089
1324386,2007-01-18,14,816.4789,1137.843
1324386,2007-01-19,17,1564.9575,1613.3986
1324386,2007-01-20,8,653.6436,675.5553
1324386,2007-01-21,8,775.0824,224.0338
1324386,2007-01-22,11,342.6972,112.4403
1324386,2007-01-23,12,149.6669,133.6361
1324386,2007-01-24,6,10.045,8.588
1324386,2007-01-26,10,47.0659,36.7976
1324386,2007-01-27,8,123.1937,147.2586
1324386,2007-01-28,20,632.1292,677.3416
1324386,2007-01-29,7,231.7853,272.9604
1324386,2007-01-30,1,62.2316,0
1324386,2007-01-31,7,190.852,156.8237
1324386,2007-02-01,4,74.6523,59.1654
1324386,2007-02-02,5,133.5076,195.6475
1324386,2007-02-03,12,294.3122,315.623
1324386,2007-02-04,14,508.3895,425.8672
1324386,2007-02-05,6,172.3709,76.9768
1324386,2007-02-06,5,94.0896,73.2055
1324386,2007-02-07,22,743.3139,655.2149
1324386,2007-02-08,3,11.9258,4.1978
1324386,2007-02-09,4,17.3725,14.2813
1324386,2007-02-10,3,23.8701,34.3493
1324386,2007-02-11,7,70.0278,25.5456
1324386,2007-02-12,18,297.558,274.065
1324386,2007-02-13,2,1.2364,0
1324386,2007-02-15,13,84.6245,90.1392
1324386,2007-02-16,5,194.2258,79.1036
1324386,2007-02-17,2,30.9119,131.6847
1324386,2007-02-18,1,30.9119,43.2767
1324386,2007-02-20,6,61.1314,64.2226
1324386,2007-02-21,9,31.6352,9.3786
1324386,2007-02-22,10,179.4251,148.5131
1324386,2007-02-23,4,26.5843,27.3571
1324386,2007-02-24,3,24.575,17.9474
1324386,2007-02-25,6,112.6913,112.272
1324386,2007-02-26,4,98.6028,176.371
1324386,2007-02-27,5,312.4267,163.3449
1324386,2007-02-28,5,322.7203,0
1324387,2006-02-11,5,9.2,17.35
1324387,2006-06-09,2,8,7.08
1324387,2006-06-10,2,18.08,12.52
1324387,2006-06-12,22,52.12,46.77
1324387,2006-06-13,7,82.11,72.34
1324387,2006-09-13,5,16,25
1324387,2006-09-14,2,4,0
1324387,2006-09-16,6,44.01,0
1324387,2006-09-17,11,56.5,59.2
1324387,2006-09-22,3,25,0
1324387,2006-09-23,5,34.88,16
1324387,2006-09-24,5,10.45,8.83
1324387,2006-09-26,1,2.8,0
1324387,2006-09-27,20,34,57.18
1324387,2006-09-28,1,2,0
1324387,2006-10-01,19,89.55,4.95
1324387,2006-10-07,10,139.3,94.8
1324387,2006-11-08,1,40,64
1324387,2006-11-15,1,4,0
1324387,2006-11-20,1,40,44
1324387,2006-11-25,1,6,0
1324387,2006-11-29,3,6,0
1324387,2006-11-30,5,52,0
1324387,2006-12-06,1,20,68
1324387,2006-12-09,11,83,115.11
1324387,2006-12-10,32,146.2,138.08
1324387,2006-12-12,2,4,10.26
1324387,2006-12-13,1,20,29
1324387,2006-12-14,4,5,5.7
1324387,2006-12-17,4,8,17.5
1324387,2006-12-18,4,21,21
1324387,2006-12-19,36,266.15,307.24
1324387,2006-12-20,22,77,96.65
1324387,2006-12-21,12,64,41.6
1324387,2006-12-22,8,47,37
1324387,2006-12-24,1,100,0
1324387,2006-12-28,2,10,5.15
1324387,2007-01-06,14,48.02,44.43
1324387,2007-01-07,26,52.5,54.4
1324387,2007-01-08,0,0,1.22
1324387,2007-01-10,23,43,39.21
1324387,2007-01-11,1,1,1.2
1324387,2007-01-12,20,40.5,49.48
1324387,2007-01-13,21,77,5.55
1324387,2007-01-14,10,18,25.03
1324387,2007-01-15,38,112,141.3
1324387,2007-01-17,9,20.5,23.78
1324387,2007-01-18,13,82.48,1
1324387,2007-01-20,16,22.4,27.28
1324387,2007-01-21,23,37.96,52.76
1324387,2007-01-24,2,3.5,0
1324387,2007-01-31,5,30,65.75
1324387,2007-02-04,1,10,0
1324387,2007-02-18,14,50.34,0
1324399,2006-03-17,12,17,3.15
1324399,2006-03-18,11,22.1,16.6
1324399,2006-03-19,19,18.74,7.74
1324399,2006-03-24,12,11.3,6.3
1324399,2006-03-25,18,14.48,18.39
1324399,2006-03-26,18,14,5
1324399,2006-03-27,1,1,0
1324399,2006-03-28,8,14,0
1324399,2006-03-29,21,30.91,6.41
1324399,2006-03-30,11,10.88,10.88
1324399,2006-03-31,15,13.3,15.8
1324399,2006-04-01,18,16.6,10.25
1324399,2006-04-02,14,10.78,2.78
1324399,2006-04-06,16,15.7,16.47
1324399,2006-04-07,7,8.83,7.83
1324399,2006-04-08,26,20.08,13.33
1324399,2006-04-09,14,14.03,19.03
1324399,2006-04-26,9,36.8,7.8
1324399,2006-04-27,6,7,2
1324399,2006-04-28,2,3,0
1324399,2006-05-12,11,12.5,7.5
1324399,2006-05-13,12,10.5,0
1324399,2006-10-07,10,22.93,23.93
1324399,2006-10-08,9,10.55,18.28
1324399,2006-10-10,3,2.7,0
1324399,2006-11-03,6,18,10.94
1324399,2006-11-04,10,16.14,18.81
1324399,2006-11-05,16,54.66,46.94
1324399,2006-11-06,6,20,0
1324399,2006-11-21,8,9.1,3.1
1324399,2006-11-22,3,3,0
1324399,2006-11-23,9,22.39,10.39
1324399,2006-11-24,3,10.5,17.6
1324399,2006-11-25,9,12.25,9.25
1324399,2006-11-26,10,20.45,32.59
1324399,2006-11-28,4,15,36.25
1324399,2006-11-29,5,22.8,12.8
1324399,2006-11-30,6,30,0
1324399,2006-12-01,16,125.65,55.65
1324399,2006-12-02,30,142.42,124.42
1324399,2006-12-03,2,15,0
1324399,2006-12-04,6,54.83,90.83
1324399,2006-12-06,3,15,25
1324399,2006-12-07,5,89.88,137.96
1324399,2006-12-08,18,412.5,232.5
1324399,2006-12-09,22,392.7,283.65
1324399,2006-12-10,18,235.95,124.9
1324399,2006-12-14,12,89,174
1324399,2006-12-15,9,73.25,83.5
1324399,2006-12-16,18,309.29,363.54
1324399,2006-12-17,12,133,83
1324399,2006-12-23,1,5,0
1324399,2006-12-24,8,90.98,100.98
1324399,2006-12-26,6,35.25,95.65
1324399,2006-12-27,6,36,66
1324399,2006-12-29,10,121.12,212.68
1324399,2006-12-30,12,119.38,197.82
1324399,2007-01-01,20,588.93,633.38
1324399,2007-01-02,14,190.06,165.61
1324399,2007-01-03,4,44,14
1324399,2007-01-05,16,191.48,213.48
1324399,2007-01-06,15,191,62
1324399,2007-01-09,4,50,87.5
1324399,2007-01-10,16,483.43,546.33
1324399,2007-01-11,6,227.12,279.6
1324399,2007-01-12,23,1018.43,620.55
1324399,2007-01-13,15,1221.9,726.9
1324399,2007-01-23,2,100,285
1324399,2007-01-24,11,623.75,1002.5
1324399,2007-01-25,3,171.23,244.99
1324399,2007-01-31,5,105.1,162.75
1324399,2007-02-01,7,319.65,195
1324399,2007-02-03,17,620,190
1324399,2007-02-09,10,166,86
1324399,2007-02-12,13,219.3,174.3
1324403,2005-02-11,3,12,0
1324403,2005-05-31,2,70,121.5
1324404,2005-02-02,2,105,24.5
1324404,2005-02-03,1,100,291.3
1324404,2005-02-04,6,400,410
1324404,2005-02-05,20,2144,2676.5
1324404,2005-02-06,12,1850,1660
1324404,2005-02-08,1,5,0
1324404,2005-02-10,3,300,490
1324404,2005-02-11,5,900,1240
1324404,2005-02-12,8,1300,1975
1324404,2005-02-13,6,1312.5,540